﻿Row Labels,Average of Area Code (M49),Regions
Afghanistan,4,Southern Asia
Albania,8,Southern Europe
Argentina,32,South America
Armenia,51,Western Asia
Australia,36,Oceania
Austria,40,Western Europe
Bahrain,48,Western Asia
Bangladesh,50,"	Southern Asia"
Bermuda,60,Americas
Bhutan,64,Southern Asia
Bolivia (Plurinational State of),68,South America
Bosnia and Herzegovina,70,Southern Europe
Botswana,72,Southern Africa
Brazil,76,South America
Brunei Darussalam,96,South-eastern Asia
Burkina Faso,854,Western Africa
Burundi,108,Eastern Africa
Cameroon,120,Middle Africa
Canada,124,Northern America
Chile,152,South America
"China, Macao SAR",446,Eastern Asia
"China, Taiwan Province of",158,Eastern Asia
Colombia,170,"	South America"
Cook Islands,184,Oceania
Côte d'Ivoire,384,Western Africa
Croatia,191,"Southern Europe	"
Cyprus,196,"Southern Europe	"
Czechia,203,Eastern Europe
Democratic People's Republic of Korea,408,Eastern Asia
Denmark,208,"	Northern Europe"
Dominican Republic,214,Oceania
Ecuador,218,South America
Egypt,818,Northern Africa
El Salvador,222,Central America
Ethiopia,231,Eastern Africa
Faroe Islands,234,Northern Europe
France,250,Western Europe
French Polynesia,258,Western Europe
Gambia,270,Western Africa
Georgia,268,Western Asia
Ghana,288,"	Western Africa"
Guinea,324,"	Western Africa"
Hungary,348,Eastern Europe
Iceland,352,"Northern Europe	"
India,356,Southern Asia
Indonesia,360,South-eastern Asia
Iran (Islamic Republic of),364,Southern Asia
Iraq,368,Western Asia
Ireland,372,Northern Europe
Italy,380,"	Southern Europe"
Jamaica,388,Caribbean
Jordan,400,Western Asia
Kazakhstan,398,Central Asia
Kenya,404,Africa
Kyrgyzstan,417,Central Asia
Latvia,428,Northern Europe
Lesotho,426,Southern Africa
Libya,434,Northern Africa
Lithuania,440,"Northern Europe	"
Luxembourg,442,"	Western Europe"
Madagascar,450,Eastern Africa
Malawi,454,Eastern Africa
Malaysia,458,"South-eastern Asia	"
Maldives,462,Southern Asia
Mauritius,480,Eastern Africa
Mexico,484,"	Central America"
Montenegro,499,Southern Europe
Morocco,504,Northern Africa
Myanmar,104,South-eastern Asia
Nauru,520,"	Micronesia"
Nepal,524,"	Southern Asia"
Netherlands (Kingdom of the),528,"Western Europe	"
New Caledonia,540,"Oceania	"
New Zealand,554,"Oceania	"
Nicaragua,558,"	Central America"
Niger,562,Western Africa
Nigeria,566,Western Africa
Norway,578,Northern Europe
Oman,512,Western Asia
Pakistan,586,"Southern Asia	"
Panama,591,"Central America	"
Peru,604,"South America	"
Philippines,608,South-eastern Asia
Republic of Korea,410,Eastern Asia
Republic of Moldova,498,Southern Europe
Saint Kitts and Nevis,659,Northern America
Saint Lucia,662,Northern America
Samoa,882,Oceania
Saudi Arabia,682,Western Asia
Senegal,686,"Western Africa	"
Seychelles,690,Eastern Africa
Slovakia,703,"	Eastern Europe"
Slovenia,705,"Southern Europe	"
Spain,724,"Southern Europe	"
Sri Lanka,144,"Southern Asia	"
Sweden,752,"Northern Europe	"
Switzerland,756,Western Europe
Syrian Arab Republic,760,Western Asia
Tajikistan,762,Central Asia
Thailand,764,South-eastern Asia
Togo,768,"Western Africa	"
Türkiye,792,"	Western Asia"
Ukraine,804,Eastern Europe
United Kingdom of Great Britain and Northern Ireland,826,Northern Europe
United Republic of Tanzania,834,"	Eastern Africa"
United States of America,840,Oceania
Uruguay,858,"South America	"
Venezuela (Bolivarian Republic of),862,South America
Zambia,894,"Eastern Africa	"
Zimbabwe,716,"Eastern Africa	"